company,email
4RGA ELECTRICAL PROJECT MANAGEMENT AND CONTRACTING,rodger@4rga.co.za
BLACK WOMAN ARISE WOMENS HEALTH,info@bwawhf.co.za
Cape Town Visitor Service Association,airport@capetown.travel
CRS Reactor Engineering AB,info@crs-reactor.com
DSS FIRE SYSTEMS,info@dssfire.co.za
EXQUISITE MANAGEMENT PROJECTS,exquisite@exquisitemanagementconsulting.com
FIDELITY ADT,customercareinland@fidelity-services.com
FRANTINY TRADING ENTERPRISE,frantinytrading@gmail.com
IYANA OFFICE SUPPLIES,info@iyanaprinting.com
LEXISNEXIS,sales@lexisnexis.co.za
MACHAKA TRADING AND TECHNOLOGIES,info@machakatrading.co.za
MACROBERT,law@macrobert.co.za
MAKHASTO PROJECTS,makhastoprojects@gmail.com
MAXODE TRADING AND PROJECTS,minenhlen@maxode.co.za
MEASURING INSTRUMENTS TECHNOLOGY (MIT),info@marmit.co.za
MKABANI TONERS AND PROJECTS,mkabanitoners@gmail.com
MKABAYI ADVISORY,buhle.masithela@mkabayi.com
MMATAMEDI ELECTRICAL AND PROJECTS,tshepomw@gmail.com
NEO TECHNOLOGIES,sales@neo.co.za
PM ACADEMY,info@pmacademy.africa
SEMI TECH,info@semitech.co.za
SPILL TECH,sales@spilltech.com
TRANSEARCH,johannesburg@transearch.com
TRINEXIA,infosa@trinexia.com
UNITED SCIENTIFIC SA,sharmla@united-scientific.co.za
VST CONSULTING ENGINEERS,cpt@vstce.co.za
Wanani Electrical,info@wananielectrical.co.za
WERKSMANS,enquiries@werksmans.com
